Tiempo,PosX,PosY,VelX,VelY,AcelX,AcelY
0,19.21090948142352,11.732659985903775,-2.6299076973979805,0.0,-8.089258125968106,0.0
0.03333333333333333,19.122826448496316,11.732659985903775,-2.8941567961796055,0.0,-5.473731331905113,0.0
0.06666666666666667,19.01712680898367,11.732659985903775,-3.0262813455704185,0.0,-2.979543409731619,0.0
0.1,18.929043776056464,11.732659985903775,-3.0703228620340255,0.0,-0.9841930719928186,0.0
0.13333333333333333,18.805727529958375,11.732659985903775,-3.082906152452198,0.0,-0.05392838750648887,0.0
0.16666666666666666,18.71764449703117,11.732659985903775,-3.0703228620340264,0.0,-0.35053451879198416,0.0
0.19999999999999998,18.611944857518523,11.732659985903775,-3.0891977976612868,0.0,-1.388655978291239,0.0
0.2333333333333333,18.506245218005876,11.732659985903775,-3.1835724757975843,0.0,-2.932356070663528,0.0
